{"cameraMode":{"drawMode":0,"name":"Shaded","section":"Shading Mode"},"sceneLighting":true,"audioPlay":false,"sceneViewState":{"m_AlwaysRefresh":false,"showFog":true,"showSkybox":true,"showFlares":true,"showImageEffects":true,"showParticleSystems":true,"showVisualEffectGraphs":true,"m_FxEnabled":true},"in2DMode":false,"pivot":{"x":17.874217987060548,"y":1.8959355354309083,"z":26.614070892333986},"rotation":{"x":-0.010177584365010262,"y":-0.04948148876428604,"z":-0.0005038813105784357,"w":0.9987227916717529},"size":15.542776107788086,"orthographic":false}